{"filesMd5":[{"page":"/config/index.js","md5":"2679c4e5dabe7ee0d50f59c9878efe2d"},{"page":"/mediator/index.js","md5":"c44c4ef50c2dd570306497405858dcaa"},{"page":"/pages/demo/assets/index.js","md5":"b30bcf5620586dd5141b5be3279b2794"},{"page":"/pages/demo/bmcalendar/index.js","md5":"54c7388dfe088c46a7517155c0bbfb7b"},{"page":"/pages/demo/bmchart/index.js","md5":"e8f07c5af86acdbdf88cab27b5a491f5"},{"page":"/pages/demo/bmrichtext/index.js","md5":"e704d63b85ddef3d93b111159f0fe5f3"},{"page":"/pages/demo/event/a.js","md5":"2a651d3c1a4b4a0dd8f709625034c841"},{"page":"/pages/demo/event/b.js","md5":"bdffd02ab8ffb99af5ad5d7e5463485d"},{"page":"/pages/demo/font/index.js","md5":"b697266d3db7e9fe3d1b119e3eaddabf"},{"page":"/pages/demo/globalAttr/index.js","md5":"4fea55ab7e382703825f877a3a2eeba5"},{"page":"/pages/demo/image/index.js","md5":"9d003aab96cab69aeb55de2e4232ac06"},{"page":"/pages/demo/index.js","md5":"6e4ee11f0ec867782b1fd40e1487a455"},{"page":"/pages/demo/inputExtend/index.js","md5":"aa5271e38ba2ef7f14dce9a26f6d9a65"},{"page":"/pages/demo/lifecycle/index.js","md5":"0b453dc703e7a8e2ebdfd736c8a99bb8"},{"page":"/pages/demo/notice/index.js","md5":"439ed528be55d940123d47738385e4e8"},{"page":"/pages/demo/other/bindingx.js","md5":"6a67b55da64384c8ad2b4cab1cad21e1"},{"page":"/pages/demo/other/bui.js","md5":"f3375f3f5dcf100f69f01ec6ea3edacf"},{"page":"/pages/demo/other/weexui.js","md5":"05fe5d68a0d53214d41e5eebecddd96d"},{"page":"/pages/demo/refresh/index.js","md5":"970953f9c1251599cee2b9636c9ebe81"},{"page":"/pages/demo/router/home.js","md5":"0f560c90657ff5c17bf4df1da9bd259c"},{"page":"/pages/demo/storage/index.js","md5":"0cfaead6471e3cf5963687653bd97cd7"},{"page":"/pages/demo/router/index.js","md5":"02acc15a95b9d34febe6b9f5b82f2863"},{"page":"/iconfont/font_1469606063_76593.ttf","md5":"7f64b407dbb118b2bf74aae8488f115e"},{"page":"/iconfont/font_1469606522_9417143.woff","md5":"815be396a2edc810e9daab7eaf94b32e"},{"page":"/iconfont/font_zn5b3jswpofuhaor.ttf","md5":"be67220b1b872c2cba30a35787131d99"},{"page":"/iconfont/iconfont-eros.ttf","md5":"0b8ba2bdcd441231144cb9391e472e08"},{"page":"/iconfont/iconfont.ttf","md5":"fcfd6fc55b5308c896fadc1c08c4b1b0"},{"page":"/assets/demo.jpg","md5":"ccda4109b98125891d8febd85d78a9de"}],"android":"1.0.0","iOS":"1.0.0","appName":"HM-weex-eros-demo","jsVersion":"a6c2b8fdd6e5d5bf3a377904d93e09d7","timestamp":1528547226505,"jsPath":"https://app.weex-eros.com/source"}
