{"filesMd5":[{"page":"/config/index.js","md5":"d40d04367635d2586aa2e51ea0e9adc0"},{"page":"/mediator/index.js","md5":"839a1e01e99041322440a56e7c685345"},{"page":"/pages/demo/assets/index.js","md5":"9fd57e372186c8b1cd5dd85cfaab663f"},{"page":"/pages/demo/bmcalendar/index.js","md5":"d302f7dd55adb59a341e330ac1e4e0f8"},{"page":"/pages/demo/bmchart/index.js","md5":"337288eab5a3abaad761a47cde6bab57"},{"page":"/pages/demo/bmrichtext/index.js","md5":"2386f48bb96e2e2a1c49d76626d552d1"},{"page":"/pages/demo/event/a.js","md5":"490071ecc4cb54cb2336310cfa46d588"},{"page":"/pages/demo/event/b.js","md5":"49ee65141105150e148e75c98dd81ad1"},{"page":"/pages/demo/font/index.js","md5":"bea808c5194e8e3fc81118e823fa7126"},{"page":"/pages/demo/globalAttr/index.js","md5":"aee939a9f46b9f19c43616ac48a62ac2"},{"page":"/pages/demo/image/index.js","md5":"7ed0d4b0690ad5ee211bb18aaa9d8952"},{"page":"/pages/demo/index.js","md5":"32e55f4605aaf0cab62795de223fe0be"},{"page":"/pages/demo/lifecycle/index.js","md5":"8d7b27d057b513ad431341a518831bda"},{"page":"/pages/demo/notice/index.js","md5":"fc532f33427d2f3e9ead8ed52b3f4dea"},{"page":"/pages/demo/other/bindingx.js","md5":"24e646a2a024a667cde5a760945ee565"},{"page":"/pages/demo/inputExtend/index.js","md5":"be66f914ffa2b2625a2ae18ba11b2559"},{"page":"/pages/demo/other/bui.js","md5":"4298225d033cfc836b0a0929e9d61b54"},{"page":"/pages/demo/other/weexui.js","md5":"b46c5ebbca5fb2254222e77b61e61167"},{"page":"/pages/demo/refresh/index.js","md5":"17c47bef1fab0cc64f056229f178041a"},{"page":"/pages/demo/router/home.js","md5":"9b60d216fd48f83b687446239117eba8"},{"page":"/pages/demo/router/index.js","md5":"06b2b75e03fd09f324c8b1614e2ee787"},{"page":"/pages/demo/storage/index.js","md5":"890c7966143d61319e0fef2144155287"},{"page":"/iconfont/font_1469606063_76593.ttf","md5":"7f64b407dbb118b2bf74aae8488f115e"},{"page":"/iconfont/font_1469606522_9417143.woff","md5":"815be396a2edc810e9daab7eaf94b32e"},{"page":"/iconfont/font_zn5b3jswpofuhaor.ttf","md5":"be67220b1b872c2cba30a35787131d99"},{"page":"/iconfont/iconfont-eros.ttf","md5":"0b8ba2bdcd441231144cb9391e472e08"},{"page":"/iconfont/iconfont.ttf","md5":"fcfd6fc55b5308c896fadc1c08c4b1b0"},{"page":"/assets/demo.jpg","md5":"ccda4109b98125891d8febd85d78a9de"}],"android":"1.0.0","iOS":"1.0.0","appName":"HM-weex-eros-demo","jsVersion":"edb4114da9e5b4054bef76f8a370b78c","timestamp":1528613002662,"jsPath":"https://app.weex-eros.com/source"}
